{
  "Butterfly Pose": 62.56498050689697,
  "Child's Pose": 0.0,
  "Cobra Pose": 22.922314643859863,
  "Downward Dog Pose": 0.0,
  "Ground Quad Stretch": 18.46955895423889,
  "Seated Forward Fold": 47.24007606506348
}