{
  "Butterfly Pose": 21.17532229423523,
  "Child's Pose": 0.0,
  "Cobra Pose": 19.515103816986084,
  "Downward Dog Pose": 0.0,
  "Ground Quad Stretch": 7.911623954772949,
  "Seated Forward Fold": 16.2189302444458
}